,pid,birth,death,name,biography,birthplace
0,643,1965-12-31,UNK,巩俐,新加坡华裔女演员，祖籍中国山东，毕业于中央戏剧学院，联合国促进和平艺术家，联合国全球环境保护大使。1987年，因主演电影《红高粱》成名，该片获得柏林电影节金熊奖。1992年，凭借主演的电影《秋菊打官司》获得威尼斯国际电影节最佳女演员奖，该片亦获得金狮奖。1993年，主演的电影《霸王别姬》获得金棕榈奖，因而巩俐成为世界影史第二位主演影片包揽欧洲三大国际电影节影片奖的演员。1993年，获得柏林国际电影节金摄影机奖并上榜美国《人物》全球最美50人。1996年，登上美国《时代周刊》封面并上榜全球十大人物。1997年，担任戛纳国际电影节评委会成员。2000年，担任柏林国际电影节评委会主席；同年，获得蒙特利尔国际电影节最佳女演员奖及艺术成就大奖。2002年，担任威尼斯国际电影节评委会主席。2003年，担任东京国际电影节评委会主席。2004年，获得戛纳国际电影节纪念大奖；同年，上榜美国《首映》影史百大伟大表演。2005年，入选中国电影百年50位有突出贡献艺术家。2006年，上榜美国《时代周刊》60年亚洲英雄；同年，上榜美国《华盛顿邮报》全球年度5位伟大演员。2010年，法国文化部授予其“艺术与文学勋章”司令勋位。2014年，担任上海国际电影节评委会主席；同年，二度上榜日本《电影旬报》百大外国女星。2015年，入选联合国16位影响人类文化艺术家。,"Shenyang, Liaoning Province, China"
1,695,1937-03-16,1999-04-14,乔宏,,"Shanghai, China"
2,1336,1963-04-26,UNK,李连杰,李连杰（Jet Li），1963年4月26日生于北京市，华语影视男演员、导演、制作人 、武术运动员、商人。1971年进入北京什刹海体校，从而开始武术运动员的生涯。1975年参加全运会武术套路比赛，获得全能冠军。1979年因伤退出武术界。1982年主演个人首部电影《少林寺》，该片打破华语电影在中国内地的票房纪录。1986年自导自演动作片《中华英雄》。1991年主演的动作片《黄飞鸿之壮志凌云》奠定其在影坛的地位。1992年凭借武侠片《笑傲江湖Ⅱ：东方不败》获得更多关注。1995年获得第32届台湾电影金马奖大陆人士特别奖 。1998年赴美国好莱坞发展，同年出演其在好莱坞的首部电影《致命武器4》。2001年担任动作片《变种元素》的制作人。2002年因主演武侠片《英雄》而成为美国《时代周刊》的封面人物 。2003年凭借动作片《宇宙追缉令》获得第12届MTV电影奖最佳打斗场面提名。2008年凭借动作片《投名状》获得第27届香港电影金像奖最佳男主角 。2009年成为中国企业家俱乐部会员。2010年入选美国《时代周刊》“年度最具影响力人物百人榜” 。2011年参与创办太极禅国际文化发展有限公司。2013年在《中华武术》三十年颁奖盛典中，获得“中华武术30年最具武术影响力人物奖”。2016年主演古装片《封神传奇》 。李连杰热心公益慈善。2007年创建公益组织壹基金。2009年担任世界卫生组织亲善大使。2010年担任国际红十字会亲善大使。2014年在《中国慈善家》“中国慈善名人榜”中排名第二位。,"Beijing, China"
3,1337,1962-06-27,UNK,梁朝伟,,Hong Kong
4,1338,1964-09-20,UNK,张曼玉,,Hong Kong
5,1339,1979-02-09,UNK,章子怡,,Beijing - China
6,1340,1955-04-26,UNK,Chen Dao-Ming,,"Tianjin, China"
7,1341,1963-07-27,UNK,甄子丹,,"Yuexiu District, Guangzhou, China"
8,1619,1955-05-18,UNK,周润发,周润发，广东宝安人，1955年5月18日生于香港南丫岛，为新界原居民，著名电影和电视演员，曾经三度获得香港电影金像奖最佳男主角奖，另外也拿到两次台湾电影金马奖最佳男主角头衔。 1980年代与成龙一并成为香港电影市场的票房保证，并创造了多个脍炙人口的经典角色：许文强、小马哥、赌神等多不胜数。1990年代开始后，与成龙、周星驰因为电影票房成绩出色，共同被媒体形容为“双周一成”。他于1995年赴美国好莱坞发展，在拍摄多部电影后获得一定程度上的成功。,"Lamma Island, Hong Kong"
9,1624,1946-12-04,UNK,Cheng Pei-Pei,,"Shanghai, China"
10,1633,UNK,UNK,鲍德熹,,UNK
11,10885,1938,UNK,曾江,,Hong Kong
12,11401,1946-09-22,UNK,吴宇森,,"Guangzhou, China"
13,12466,1964-07-20,UNK,张耀扬,,Hong Kong
14,12470,1974-09-11,UNK,Paulyn Sun,,Singapore
15,12672,1965-12-08,UNK,Carina Lau,,"Suzhou, Jiangsu, China"
16,18897,1954-04-07,UNK,成龙,,"Victoria Peak, Hong Kong"
17,18899,1945-01-01,UNK,袁和平,,"Guangzhou, China"
18,20519,1955-03-19,UNK,任达华,,Hong Kong
19,20640,1952-08-12,UNK,陈凯歌,,"Beijing, China"
20,20652,1980-05-24,UNK,张柏芝,"国际影星张柏芝1980年出生在香港，从小家境普通，小学毕业之后被父亲送到澳大利亚读书，从小就喜欢照顾人的张柏芝本来打算做一名护士。1998年，17岁的张柏芝从澳洲高中毕业回港。就被星探发现，接拍了阳光柠檬茶的广告（同黄宗泽），当这个不同版本的广告片播出后，各大小杂志、电影公司及广告公司都惊为天人, 纷纷联络其经理人。刚刚出道时的张柏芝因为形象清丽秀美，被媒体誉为小林青霞，而经纪公司也有意将她包装成香港娱乐圈新的玉女派掌门人。然而个性出众的张柏芝却依然坚持要保持自己的本色。接拍了阳光柠檬茶的广告 后，张柏芝被周星驰发掘，成为《喜剧之王》的女主角。她在剧中扮演不失单纯个性的小舞女柳飘飘，情感拿捏得真挚感人，就此一炮而红，此片最后成为当时贺岁片中的票房冠军，成绩达三千万港元。张柏芝被誉为新一代玉女掌门人、香港电影的救星和张曼玉的接班人。 此后, 张柏芝接拍了由嘉禾电影公司出品，马楚成执导的爱情文艺《星愿》并担演女主角，此片已于99年８月份暑假黄金档期上演，而票房更冲破一千万，更为Cecilia奠定影坛上能歌擅影的地位。",Hong Kong
21,20654,1978-03-23,UNK,刘烨,,"Jilin, China"
22,20655,1968-12-13,UNK,Hong Chen,,"Jiangxi, China"
23,20999,1959-08-22,UNK,Mark Williams,,"Bromsgrove, Worcestershire, England, UK"
24,21902,UNK,UNK,王文隽,,UNK
25,21908,1965-10-26,UNK,郭富城,郭富城，香港艺人，昵称“城城”，又称“城仔”、“阿王”(其英文名Aaron译音)，出生于香港，籍贯广东东莞，13星宿排名第三。成名之前已是一名出色的舞蹈演员，曾在吕方、梅艳芳的MV都有扮演过角色。在无线表演班训练期间，表现出色，艺训班毕业成绩第一名，有无线“十小虎”之称，拍过一系列影视作品，由于当时无线五虎将正热，反响一般。　　经历默默无闻的几年奋斗时期，1990凭台湾光阳机车（HONDA）广告被大家熟知，之后更被台湾知名经理人刘玮慈发掘出了第1张个人唱片《对你爱不完》深受台湾歌迷的欢迎，随即又推出了个人2张国语大碟《我是不是该安静的走开》、《到底有谁能告诉我》，风靡整个亚洲一时，可以说当时只要有中国人的地方就有郭富城的歌声。　　1992年之后回到香港发展。 自在港推出粤语专辑《请把我的情感带回家》形成抢购热潮，勇夺四白金销量后，更以迷人的舞姿、俊俏的形象、健硕的身型与清新的歌声渐渐深入人心，人气急升，迅速窜红。与张学友，刘德华，黎明一同被香港媒体封为“四大天王”。之后更是得到了“亚洲舞王”的美誉。1995年在香港音乐人雷颂德、谭国政及经理人小美的协助下，挖掘其娴熟的舞技与别有特色的声线，使其成功转型为实力派歌手，三次获得最受欢迎男歌手及多次年度十大金曲等殊荣。歌曲代表作有：《第四晚心情》《狂野之城》《铁幕诱惑》《纯真传说》《爱的呼唤》《信鸽》《动起来》《唱这歌》……郭富城是唯美的温厚的动感的豪情的，是歌星世界里不可缺的。　　在歌唱事业顶峰之际，98年广告签约百事可乐，成为百事可乐汽水大中华区代言人，以“ask more——无限渴望”为主题从此中国刮起了蓝色飓风，在年轻人的心中郭富城的形象是最酷的，喝有蓝色百事是最酷的。2005年，郭结束了和百事可乐8年的代言人关系，但跟百事仍然保持良好的合作关系。 2002年接拍美特斯邦威服装广告， 一举成功推动中国服装品牌跻身国际系列，“美特斯邦威不走寻常路”“美特斯邦威每个人都有自己的舞台”等广告语路人皆知。2004年接拍与狼共舞服饰广告，“WHY NOT 谁说不可以”“乐在其中”与狼共舞音乐羽绒服结合郭富城的个人魅力与舞蹈功底备受消费者欢迎。　　由于华纳唱片近几年的高层领导频频变动，内部矛盾不断，2006年8月9日，郭富城以高价正式签约大国文化，亦离开效力13年的华纳唱片公司，开始把事业重心放在音乐剧和电影方面，以圆他自己多年的心愿——演出一部大型音乐剧，演出更多的好电影。　　在歌唱上取得辉煌成绩的同时，从上世纪80年代末开始，郭富城也拍过一系列的影视作品，由于90年代他把工作重心放在了歌唱事业上，所以并没有在意表演上的得失，但他主演的每一部作品，都充满真诚与感动，不论是英雄还是反面人物，他都演绎的角色虽不算不上入木三分，但都是用心之作，很具感染力。其中表现较突出的电视作品有：《烈火狂奔》《廉政行动组》《风之刀》《动感豪情》 电影作品有：《伴我纵横》《赤脚小子》《91神雕侠侣》《千面天王》《浪漫风暴》《风云》《雷霆战警》《小亲亲》《柔道龙虎榜》《三岔口》《父子》《C+ 侦探》《白银帝国》。其中《91神雕侠侣》里的银狐一角，一头银发，闪电眼神，那种邪恶的酷，深受观众赞赏，曾提名金像奖最佳男配角；96年《浪漫风暴》里的拳王王学勤，那种执着与坚持，也深受广大观众赞赏，在那年的香港金像奖颁奖后，媒体认为《浪漫风暴》里的郭富城是那年被忽视的遗珠，但当时郭富城31 岁，还相当年轻，一心在歌唱事业发展，也就没放在心上（但假设当年他有了表演上的肯定，郭富城的演绎事业或许会更顺利地达到顶峰）。98年《风云》里面的步惊云，郭富城把漫画里的人物演绎得入木三分，那种冷酷的柔情与沉默，深受观众喜爱，并被评为最符合原着形象的步惊云；2005就是这部《三岔口》颓废而痴情的男人孙哥哥让郭富城勇夺金马影帝，也向多年以来质疑他演技的那群人开始闭嘴；2006年《父子》再一次成就了郭富城，连庄金马影帝，再一次对他的演技给予了肯定。郭富城也表示未来的十年表演领域是他事业重心，《白银帝国》《风云2》是2008年即将上映的电影，让我们拭目以待。　　郭富城虽然是最后一个搭上“四大天王”末班车的艺人，但没有他也就无所谓的四大天王了，上世纪90年代在娱乐圈内出现了无数的“第五天王”和所谓的 “四小天王”，但当时如日中天的‘四大天王’成员黎明、刘德华、郭富城及张学友的地位一直没有被后来人替代和超过。 他们靠各自的实力和魅力成为香港娱乐业最辉煌最有力的见证！,中国香港
26,21910,UNK,UNK,杨恭如,,UNK
27,21911,1976-04-16,UNK,舒淇,舒淇，1976年4月16日出生于台湾省新北市新店区，影视女演员、模特。她从高中开始就当上了业馀模特。1996年从台湾到香港发展，被王晶发掘主演多部影片，后凭借尔冬升导演的《色情男女》获得香港电影金像奖最佳女配角、最佳新人两项奖项。2001年登上美国《时代周刊》封面，并对舒淇进行了专访。2005年凭借《最好的时光》获得台湾电影金马奖最佳女主角奖。2008年担任第58届柏林国际电影节评委。2009年担任第62届戛纳国际电影节评委；同年，舒淇凭借《非诚勿扰》获得第13届中国电影华表奖优秀境外华裔女演员奖。2012年，舒淇和馀文乐共同主演了电影《情谜》。2013年，文章、舒淇主演了《西游·降魔篇》。2015年12月，主演的电影《鬼吹灯之寻龙诀》上映；主演爱情喜剧《我最好朋友的婚礼》中国版。2016年，参演电影《健忘村》和《The Adventures》。2016年9月3日，冯德伦和舒淇宣布结婚。,"Xindian District, Taiwan"
28,21914,1963-03-17,UNK,方中信,,UNK
29,23838,UNK,UNK,Christopher Kubheka,,UNK
30,25236,1955-04-22,UNK,杜琪峰,,Hong Kong
31,25245,1961-07-10,UNK,张学友,张学友，香港演员、歌星，是一位亚洲和华人极具影响力实力派音乐巨星、著名电影演员，香港乐坛“四大天王”之一，在华语地区享有“歌神”称誉。,Hong Kong
32,25246,1961-09-27,UNK,刘德华,,"Tai Po, Hong Kong"
33,25249,1959-12-19,UNK,Waise Lee,,"Hong Kong, China"
34,25251,UNK,UNK,林雪,,"Tianjin, Hong Kong"
35,26724,1953-04-14,UNK,曾志伟,曾志伟，香港影视演员，在中学毕业后曾任职业足球运动员，后辗转加入电影行业，最初担任龙虎武师。后来涉足编剧工作，并升任导演。加入新艺城后拍摄“最佳拍档”系列电影，大受好评。另外和冯淬帆、吴耀汉、洪金宝、岑建勋及秦祥林主演五福星系列电影，及参予王晶最佳损友系列电影，当中尖酸的说话方式和扺死的对白令一众香港人印象难忘，另在任编、导期间，曾志伟多次参予幕前客串演出，因此虽然只是小角色，也令香港观众无人不知曾志伟的名字。,Hong Kong
36,26726,1944-02-29,UNK,Karl Maka,,UNK
37,26728,UNK,UNK,许冠杰,,UNK
38,26729,UNK,UNK,Teddy Robin Kwan,,UNK
39,26739,1953-07-22,UNK,Sylvia Chang,,UNK
40,26744,1947-10-12,UNK,林子祥,,UNK
41,26760,1950-02-15,UNK,Tsui Hark,,"Saigon, Vietnam"
42,26767,1954,UNK,Ringo Lam,,Hong Kong
43,26775,1936-08-01,2013-06-24,刘家良,,"Xinhui, Guangdong, China"
44,26778,1966-02-16,UNK,陈雅伦,,Hong Kong
45,26784,1952-08-06,UNK,李修贤,,Shanghai
46,26785,1961-12-31,UNK,Nina Li Chi,,UNK
47,26786,UNK,UNK,黄锦燊,,UNK
48,29692,UNK,UNK,潘恒生,,UNK
49,35452,UNK,UNK,Corey Yuen Kwai,,"Hong Kong, China"
50,44917,1963-10-10,2003-12-30,Anita Mui,梅艳芳（1963--2003），著名歌手和电影演员，原籍广西合浦，1963年10月10日出生于香港，五岁已经在香港荔园游乐场登台演出。1982年，她在香港第一届新秀歌唱大赛上凭演唱《风的季节》获得冠军晋身流行歌坛，是20世纪80年代香港的乐坛巨星，曾在1985至1989年度连续五年获香港“最受欢迎女歌星”奖，1998年获香港“十大中文金曲奖”最高荣誉“金针奖”，凭多变的舞台形象，她赢得“百变梅艳芳”的称号。影视方面，她因主演影片《胭脂扣》而获得香港电影金像奖及台湾电影金马奖最佳女主角奖。2003年12月30日，梅艳芳因病逝世，终年四十岁。,Hong Kong
51,44922,1933-03-30,2006-02-22,Bill Tung,,Hong Kong
52,52575,1975-10-29,UNK,林熙蕾,,Taiwan
53,52908,1967-08-11,UNK,Collin Chou,,Taiwan
54,54615,1970-09-19,UNK,锺丽缇,,"Montreal, Québec, Canada"
55,55674,1944-12-16,2003-07-05,N!xau,,UNK
56,56804,1931-10-13,UNK,Lau Siu-Ming,,UNK
57,56811,1940-02-16,2004-11-24,黄霑,,"Panyu, Guangzhou, Guangdong, China"
58,56816,1970-06-20,UNK,Michelle Reis,,"Macao (now Macao SAR, China)"
59,56830,1954-11-03,UNK,林青霞,台湾著名电影女演员，祖籍山东莱阳，1954年11月3日出生于台北三重。她是七十年代后期最著名的文艺片巨星之一，与林凤娇、秦汉、秦祥林并称“二林二秦”，是当时华语影坛的“玉女”掌门人。林青霞曾被誉为“东南亚第一美女”，拍过一百多部电影，角色从青春玉女演到女侠，并且凭借《滚滚红尘》获得台湾电影金马奖最佳女主角奖。1992年，林青霞以《笑傲江湖Ⅱ之东方不败》再攀事业高峰。她是港台电影界唯一能横跨文艺、武侠两种不同电影风格且走红时间最长的女明星。,"Taipei, Republic of China (Taiwan)"
60,56861,1958-02-01,UNK,梁家辉,,Hong Kong
61,57607,1962-06-22,UNK,周星驰,香港演员、导演。祖籍浙江宁波，1962年6月22日生于香港，他是香港最为重要的喜剧片演员与编导之一。中学毕业以后考入香港无线电视台艺员训练班的夜间部。结业后成为无线艺人，最初曾在《香城浪子》《射雕英雄传》等剧集中担任临时演员。1983年起任主持儿童节目“430穿梭机”，长达五年，颇受欢迎。1987年被派回戏剧组，主演了《他来自江湖》、《盖世豪侠》，逐渐显露独特的喜剧才华。1988年应李修贤之邀出演电影《霹雳先锋》，获第二十五届台湾金马奖最佳男配角奖。1990年出演电影《赌圣》，创当年香港最高票房纪录。后又相继主演《新精武门》、《情圣》(1991)、《逃学威龙》系列、《审死官》(1992，获亚洲影展最佳男主角奖)、《鹿鼎记》两集、《漫画威龙》、《武状元苏乞儿》(1992)、《唐伯虎点秋香》、《九品芝麻官》、《破坏之王》(1993)等，皆票房大热，掀起一股无厘头旋风。1994执导电影《国产凌凌漆》。1994年主演刘镇伟导演的《西游记第一百零一回之月光宝盒》与《西游记大结局之仙履奇缘》，获金紫荆奖最佳男主角奖，但当时反响不大；数年后反被内地青年学子交口称赞，广为传放，极受推崇。1994年起开始自导自演，包括《国产凌凌漆》(1994，合导，参与编剧)、《大内密探零零发》、《食神》(1996，合导)、《喜剧之王》(1999)等，成绩皆不俗。这一时期参演作品相继有《回魂夜》《百变星君》《算死草》《97家有喜事》《行运一条龙》《千王之王2000》等。2001年独自执导、主演《少林足球》，编导与演技均获肯定，获第二十届香港电影金像奖最佳影片、最佳导演、最佳男主角等六项大奖。2004年导演《功夫》，相当卖座，并获第四十二届金马奖最佳剧情片、最佳导演奖，以及第二十四届金像奖最佳影片奖。2007年推出《长江7号》，并且开始筹备《功夫2》。监制的作品包括日本电影《少林少女》和好莱坞电影《龙珠》。2013年，逐渐转到幕后的周星驰导演了电影《西游·降魔篇》，上映后打破23项华语电影票房纪录，全球票房更达2.18亿美元，同时也刷新华语电影全球票房纪录。2014年，开始拍摄电影《美人鱼》，片中周星驰重新启用了“星女郎”张雨绮，女主角依然大胆选用了新人——林允，影片于2016年2月8日在内地上映，上映仅9天票房就已突破20亿。,Hong Kong
62,57609,1950-09-02,UNK,元华,,"Hong Kong, China"
63,57617,1952-08-01,UNK,Jeffrey Lau,,Hong Kong - China
64,57831,1970-06-02,UNK,莫文蔚,莫文蔚，香港歌手和演员，有威尔士、德国和波斯血统，自1990年代后期起在两岸三地有很高的人气。香港演员、歌星。拔萃书院毕业，会考后考取奖学金到意大利念语文，1990年转英国进修意大利文学。1993年回港为星光唱片公司灌录唱片后，回英国读完最后一年大学。1994年回港正式加入电影圈，首部电影为张之珏的《清官难审》。,Hong Kong
65,62410,1952-01-07,UNK,洪金宝,,"Hong Kong, China"
66,62412,UNK,UNK,黄炳耀,,UNK
67,62417,1939-12-17,UNK,吴耀汉,,Hong Kong
68,62419,UNK,UNK,Stanley Fung,,UNK
69,62420,1958-05-04,UNK,胡慧中,,"Taipei, Taiwan"
70,62423,1952-12-27,1997-11-08,林正英,林正英小时候家境贫穷，父母帮人包伙食为生，有六兄弟姐妹，林正英排行第三，与其兄姐一样，他曾在信义会小学就读两年，但其后辍学，之后在1963年至1964年，他加入了香港一个京剧团，并拜粉菊花及于占元为师，并与七小福的成员成龙及洪金宝等人一同受训，和尊龙、惠天赐、孟海、董玮为同门师兄弟，林正英受训半年后即投入演出，第一个剧目叫《白沙滩》，但他的京剧生涯只维持了三、四年，经朋友介绍下转行入了电影圈。,UNK
71,62424,UNK,UNK,Dick Wei,,UNK
72,63584,1961-12-21,UNK,吴镇宇,,Hong Kong
73,64496,1966-06-23,UNK,任贤齐,,"Hubei, China"
74,64662,UNK,UNK,陈国新,,UNK
75,64895,1971-09-04,UNK,袁咏仪,,"Hong Kong, China"
76,65353,1938-07-03,UNK,Jacklyn Wu,,"Taipei, Republic of China (Taiwan)"
77,65934,1965-08-15,UNK,谷德昭,,Hong Kong
78,65938,1976-03-25,UNK,梁咏琪,,UNK
79,65944,UNK,UNK,John Ching,,UNK
80,65959,UNK,UNK,James Wong,,UNK
81,65974,UNK,UNK,Lau Shun,,UNK
82,65975,UNK,UNK,Yuen Cheung-Yan,,UNK
83,65976,UNK,UNK,Yuen Shun-Yi,,UNK
84,65981,UNK,UNK,Ng See-Yuen,,UNK
85,65986,1947-06-29,UNK,姜大卫,,"Suzhou, Jiangsu, China"
86,65987,1962-09-24,UNK,关之琳,,Hong Kong
87,65990,UNK,UNK,Paul Fonoroff,,UNK
88,65992,1960-12-02,UNK,莫少聪,,UNK
89,66122,1955-01-01,UNK,Alfred Cheung Kin-Ting,,UNK
90,66717,1961-09-02,UNK,黄秋生,,Hong Kong
91,66761,1966-12-11,UNK,黎明,,"Beijing, China"
92,67046,UNK,UNK,Sally Yeh,,UNK
93,67221,1967-02-07,UNK,张敏,1968年生于上海，童年随父母移居香港，中学毕业后投考亚洲电视台艺员训练班。1986年被邀加盟永盛影片公司，与周润发、刘德华、许冠杰、周星驰、郭富城等顶级男星多有合作。她出演或主演的作品有《魔翡翠》《猛鬼大厦》《火舞风云》《赌神》《赌圣》《逃学威龙》《赌侠》《笑傲江湖》《新精武门1991》《漫画威龙》《与龙共舞》《雷洛传》《鹿鼎记》《绝代双娇》《武状元苏乞儿》《黄飞鸿之铁鸡斗蜈蚣》《九品芝麻官》《倚天屠龙记之魔教教主》《神经刀与飞天猫》《碧血剑》《天山童姥》《赌神2》《狂情杀手》《十兄弟》等。1995年曾自己投资拍摄《追女仔95之绮梦》。90年代后期逐渐淡出影坛。曾出演电视剧。近期复出接拍广告。,"Shanghai, China"
94,67222,1968-05-16,UNK,邱淑贞,邱淑贞于1987年参选香港小姐，退选后与无线电视签约加入娱乐圈，首部演出作品是《最佳损友》。 1992年一改其清纯形象，在《赤裸羔羊》有大胆演出，奠定性感女神地位。息影以后，邱淑贞结识了时装店I.T老板沈嘉伟，并于1998年与沈嘉伟结婚，婚后育有三名女儿，沈月和、沈婷婷和沈星。,Hong Kong
95,67224,UNK,UNK,黎姿,,UNK
96,67259,UNK,UNK,程小东,,UNK
97,67689,1950-08-23,UNK,谭咏麟,谭咏麟（1950年8月23日－） 绰号“谭校长”，为已故足球名宿谭江柏之子，生于香港，籍贯广东新会，是香港知名粤语流行曲歌手与电影演员。曾为失败者乐队成员，1973年任温拿乐队主音歌手，1979年单飞后推出首张个人专辑《反斗星》，是于1980至1990年代的香港乐坛巨星，曾在1984至1987年度香港“十大劲歌金曲颁奖礼”上连续四届获得“最受欢迎男歌星”奖，1996年在香港十大中文金曲颁奖礼上获得金针奖。当被问及有关年龄问题时，他常自称“年年皆为二十五岁”。谭咏麟擅长演唱浪漫情歌，代表作有《爱在深秋》、《雾之恋》、《爱的根源》等。,UNK
98,68557,1967-01-31,UNK,王祖贤,,Taiwan
99,68561,UNK,UNK,葛民辉,,UNK
100,68562,1967-01-28,UNK,林海峰,,Hong Kong
101,68563,UNK,UNK,温翠苹,,UNK
102,69033,1966-02-05,UNK,邬君梅,,"Shanghai, China"
103,69636,1946-08-19,UNK,Ti Lung,,"Guangdong Province, China"
104,69637,1956-09-12,2003-04-01,张国荣,张国荣，籍贯广东梅县，生于香港，是一位在全球华人社会和亚洲地区有影响力的著名演员、歌手和音乐人，大中华地区乐坛和影坛巨星，演艺圈多面发展最成功的代表之一。他是1980年代华语乐坛的殿堂级歌手之一；1991年获香港电影金像奖最佳男主角；1994年凭《霸王别姬》获日本影评人协会最佳外语片男主角，并打破大陆文艺片在美国的票房纪录，成功晋身国际影坛；1999年获香港乐坛最高荣誉“金针奖”。他主演的电影名作有《胭脂扣》、《倩女幽魂》、《阿飞正传》、《霸王别姬》、《东邪西毒》、《春光乍泄》等。,Hong Kong
105,69638,UNK,UNK,Emily Chu,,UNK
106,70437,1952-01-02,UNK,吴孟达,香港喜剧演员，最重要的配角演员之一。原籍福建厦门，无线电视台第三期艺员训练班毕业。吴孟达长相老气，身材发福，从影30馀年，几乎从未做过真正意义上的主角。他甘当绿叶，一直为周润发、刘德华、梁朝伟、黎明、郭富城等大牌明星做绿叶，无论是不务正业的老爸，还是颓废无能的警察，或贪生怕死但又忠肝义胆的手下，都演绎得相当精彩，放射的光芒绝不输天皇巨星。尤其与周星驰长期合作喜剧片，成为香港影坛当仁不让的“搞笑男二号”。他出演的知名影片有《英雄本色2》（1987）、《阿郎的故事》（1989）、《天若有情》（1990，获香港金像奖最佳男配角奖）、《赌圣》（1990）、《赌侠》、《逃学威龙》、《五亿探长雷洛传》（1991）、《武状元苏乞儿》、《鹿鼎记》（1992）、《九品芝麻官》、《破坏之王》（1993）、《月光宝盒》、《仙履奇缘》、《乌龙院》（1994）、《百变星君》（1995）、《食神》（1996）、《喜剧之王》（1999）、《少林足球》（2001）等。吴孟达身体语言丰富多彩，饰演小人物活灵活现，是香港最为出色的草根演员之一。,中国福建厦门
107,70590,UNK,UNK,Teresa Mo,,UNK
108,70591,UNK,UNK,陈欣健,,UNK
109,70673,1939-06-29,2002-11-02,罗烈,,UNK
110,70674,1955-05-06,UNK,徐少强,,UNK
111,70690,1959-03-17,UNK,Ken Lo,,"Stung Treng, Cambodia"
112,70703,UNK,UNK,陈德森,,UNK
113,71051,1984-04-29,UNK,王宝强,,UNK
114,72731,1967-12-02,UNK,张家辉,,Hong Kong
115,73774,1970-08-16,UNK,孙红雷,,China
116,74021,1929,UNK,李滨,,UNK
117,74946,1971-12-06,UNK,Huang Lei,,UNK
118,74947,1986-08-08,UNK,张雨绮,张雨绮（Yuqi Zhang），华语电影女演员。1986年8月8日出生于山东德州。2004年考入上海戏剧学院附属戏曲学校。2006年周星驰电影《长江7号》开拍，出演女主角袁老师；2008年出演徐克导演爱情喜剧片《女人不坏》女主角唐露，入围2009年香港电影金像奖最佳新人奖。2010年出演王全安导演改编自陈忠实长篇小说《白鹿原》同名电影女一号田小娥，获2012年第62届柏林国际电影节最佳女主角提名，获2013年第20届北京大学生电影节最受大学生欢迎的女演员奖。,"Shandong, China"
119,76913,1957-04-19,UNK,葛优,1957年4月19日出生于北京，中国男演员，国家一级演员。1979年考入中华全国总工会文工团。1985年，出演个人首部电影《盛夏和她的未婚夫》，从而正式出道。1992年，因在电视剧《编辑部的故事》中饰演李冬宝一角而获得关注。1993年，凭借电影《大撒把》获得第13届中国电影金鸡奖最佳男主角。1994年，凭借电影《活着》获得第47届戛纳国际电影节最佳男主角奖，成为首位获此奖项的华人演员。1997年，在冯小刚执导的贺岁片《甲方乙方》中饰演姚远一角。1998年、2002年、2004年三度获得大众电影百花奖最佳男主角奖。2011年8月，凭借《赵氏孤儿》获得第14届中国电影华表奖最佳男演员奖，12月签约英皇娱乐。,"Beijing, China"
120,77301,1963-01-05,UNK,Jiang Wen,,"Tangshan, Hebei, China"
121,77303,1946-03-19,UNK,王学圻,,UNK
122,77304,1976-03-12,UNK,赵薇,,"Wuhu, Anhui province, China"
123,78877,UNK,UNK,吕良伟,,UNK
124,78878,1978-12-27,UNK,Xing Yu,,"Shandong, China"
125,78879,1969-01-22,UNK,徐玟晴,,"Liaoning, China"
126,81081,UNK,UNK,Mai Kei,,UNK
127,82177,1947-03-13,UNK,萧芳芳,,UNK
128,82401,1947-02-24,UNK,郑少秋,,UNK
129,83358,1946-07-10,UNK,陈惠敏,,UNK
130,83489,1965-02-08,UNK,张卫健,张卫健，香港著名男歌手和演员。最初凭借韦小宝、不懂、孙悟空等古灵精怪的形象为人们熟知，在表演方面的天赋征服了许多观众。然而他进入娱乐圈的最初目的是为了当歌手，1991年首次担纲出演《老友鬼鬼》便一炮走红，之后由香港华纳唱片公司推出的首张个人粤语专辑《真真假假》也登上了排行榜冠军。1999年《少年英雄方世玉》的热播使张卫健成为两岸三地家喻户晓的明星。2009年1月12日，张卫健和张茜结束10年爱情长跑，在菲律宾圣奥古斯汀教堂举行婚礼。,Hong Kong
131,83560,UNK,UNK,Anthony Chan,,UNK
132,83624,UNK,UNK,刘松仁,,UNK
133,83630,UNK,UNK,Lam Wai,,UNK
134,83631,1960-10-13,UNK,徐锦江,出生于黑龙江，毕业于广州美术学院，主修绘画，美术大师关山月的关门弟子，1982年到港发展，曾举行画展，亦从事过模特和夜总会歌手。1987年正式踏入电影圈，在八十年代到香港后被麦当雄导演赏识，以《省港旗兵续集》入行，后来曾经拍摄过多部三级片。他因在周星驰电影中的演出而被许多观众熟悉，现在在内地发展，以拍摄电视剧为主。,"Mudanjiang, Heilongjiang, China"
135,83635,1983-02-11,UNK,黄圣依,,"Shanghai, China"
136,83686,UNK,UNK,罗美薇,,UNK
137,83689,1969-02-24,UNK,Christine Ng,,UNK
138,83693,UNK,UNK,柯受良,,UNK
139,84205,UNK,UNK,惠英红,,UNK
140,86318,UNK,UNK,Sammi Cheng,,UNK
141,87839,UNK,UNK,Pauline Yeung,,UNK
142,87840,UNK,UNK,叶德娴,,UNK
143,87942,1971-10-25,UNK,朱茵,朱茵中学就读路德会吕明才中学，1990年在香港演艺学院供读戏剧系，拥有天份的她，还未毕业，已受电影圈所留意，于1991年被邀请参与演出电影《逃学威龙续集》，担纲女主角。与此同时在年中，更被电视广播有限公司﹝TVB﹞发掘，加入电视台以供读生身份任节目主持人，不断努力的她，终于在1992年完成三年的演艺学院戏剧系的课程。同时更获得这年的最佳演员奖。　　毕业后，朱茵正式与无线(TVB)签约，首部电视剧《都市的童话》深受观众欢迎，其后所演的电视剧，如《原振侠》、《射雕英雄传》、《廉政行动组》，都担纲女主角，剧集收视十分理想，观众也给朱茵在戏剧的表现上有极高的评价，这样有天份的演员，电影圈怎会不向她招手，所以朱茵于短短几年间，在本港及外埠已拍了超过二十多部电影，如《超级计划》、《大话西游》等。　　朱茵的兴趣还不只演戏，于1996年初踏足乐坛，推出个人首张专辑《地震》，跟随在1997年推出第二张专辑《玻璃》及1998年第三张专辑《踢踢踏》。　　这位不止是歌影视迷心中的女神，甚至在1998年被世界名牌(YSL)选为《在男性眼中最令人心动的女人》的朱茵，不单是影视圈中可热的女演员，就连广告商也不放过她，形像清新鲜明的她确能与广告产品建立正面的形像，如：苏菲卫生护垫(1995─1999，台湾)(2000，中国)、Epson计算机打印机(1996─1998，香港)(1998—1999，大陆)等，而Epson更与朱茵签下合约，参与旗下产品开拓中国市场之广告，可见她被肯定的地位！　　1994年底约满无线(TVB)电视台。专注在电影方面发展，1995年初邀得前TVB艺员发展科经理陈美玲小姐代理一切娱乐事业之有关事务。　　毕业作品《赤脚走公园》荣获学院之最佳女演员奖。 后任TVB儿童节目《闪电传真机》主持。1995年，跟艺人周星驰和张敏拍戏。在于周星驰合作的代表作《大话西游》系列中扮演“紫霞仙子”令其名声大噪，并逐渐被中国大陆观众熟知。随后，和黄贯中拍拖，并长期在大陆拍摄影视作品，代表作品有反映中国抗日战争的电视剧《逐日英雄》等。最近几年，除了演戏其也在男友黄贯中的影响与帮助下，自费出唱片，代表专辑作品有《跳起来》、《Attitude》等。,Hong Kong
144,87944,1947-08-27,UNK,罗行堂,罗家英，香港知名演员。出身粤剧世家。1949年跟随父亲罗家权(罗仕干)往香港定居。8岁时跟随父亲罗家权、伯父罗家树学习粤剧基本功架，师随粉菊花、吕国铨、刘洵、李万春等京剧大师，红裤出身，由兵仔开始，21岁便担当演出文武生。1973年正式担正，演出《蟠龙令》，自此参与不少大戏，如《章台柳》、《万世流芳张玉桥》、《曹操与杨修》等，刘德华曾拜他为师学习粤剧。其间1982年至1984年在香港电台任全职节目主任，也曾参加港台节目《香江岁月之萧先生》，及演出电视剧《怒剑笑狂啸》、《共饮长江水》及《阿Sir早晨》。第一部电影是《重案组》，成绩理想。自此接拍不少搞笑影片，成为笑片新星。　　1982年至1984年在香港电台任全职节目主任，也曾参加港台节目《香江岁月之萧先生》，及演出电视剧《怒剑啸狂沙》、《共饮长江水》及《阿Sir早晨》。第一部电影是《重案组》，成绩理想。自此接拍不少搞笑影片，成为笑片新星。在《大话西游》饰演啰嗦的唐僧一角而名声大噪，成为内地观众熟知的香港演员。,"Guangzhou, Guangdong, China"
145,87945,UNK,UNK,Yammie Lam Kit-Ying,,UNK
146,87948,1973-09-17,UNK,蔡少芬,,Hong Kong
147,87950,UNK,UNK,Johnnie Kong,,UNK
148,88351,1945-09-24,UNK,陈观泰,,"Guangdong, China"
149,88495,1965-08-02,UNK,吴君如,吴君如，香港电影演员，电视、电台节目主持，外号三姑，16岁进入无线电视艺员训练班，1983年中学毕业后拍过《斗气一族》、《错体姻缘》等剧集，后转往电影圈发展，常扮演被消遣挖苦的角色，不惜自毁形象搞笑，由此赢得“女周星驰”称号。又称“大嘴姑婆”。另外亦有女版周星驰和搞笑女王之称，是两岸三地华人影坛和娱乐界的首席女笑星。,UNK
150,92833,1958-02-02,UNK,Vincent Wan Yeung-Ming,,UNK
151,94076,1962-09-11,UNK,苑琼丹,,"Hong Kong, China"
152,94077,UNK,UNK,洪欣,,UNK
153,96546,1934-09-16,UNK,楚原,,"Guangzhou, Guangdong, China"
154,96613,1969-04-28,UNK,刘仪伟,,UNK
155,96856,1947,UNK,Yonfan,,UNK
156,96862,1968-03-18,UNK,胡军,,UNK
157,96889,UNK,UNK,Ann Bridgewater,,UNK
158,99687,1964-12-19,UNK,张涵予,,UNK
159,99689,1979-02-08,UNK,邓超,,UNK
160,103598,1954-12-15,UNK,金燕玲,,Taiwan
161,103602,UNK,UNK,Mabel Cheung,,UNK
162,105418,UNK,UNK,向华强,,UNK
163,105421,UNK,UNK,谷祖琳,,UNK
164,105940,1942-09-03,UNK,许冠文,,"Panyu, Guangzhou, Guangdong, China"
165,109301,1963-11-30,UNK,吴家丽,,"Kowloon, Hong Kong"
166,109304,UNK,UNK,杨菁菁,,UNK
167,109434,1977-11-13,UNK,黄晓明,,UNK
168,109809,1976-02-04,UNK,陈坤,,"Chongqing, Sichuan, China"
169,109813,1997-08-05,UNK,Xu Jiao,,UNK
170,110844,UNK,UNK,林国斌,,UNK
171,110845,UNK,UNK,Carman Lee,,UNK
172,110847,1960-09-05,UNK,黄子华,,"Hong Kong, China"
173,111298,1954-11-27,UNK,郑丹瑞,,"Hong Kong, China"
174,112563,UNK,UNK,Feng Yuanzheng,,UNK
175,113797,1960-03-25,UNK,陈玉莲,,Hong Kong
176,115610,1958-01-23,UNK,Tien Niu,,UNK
177,116052,UNK,UNK,鲍汉琳,,UNK
178,116351,1945-06-01,2008-02-19,沈殿霞,,UNK
179,116636,UNK,UNK,郭晓冬,,UNK
180,116896,UNK,UNK,Ricky Ho Kwok-Kit,,UNK
181,116906,1952,UNK,John Shum Kin-Fun,,UNK
182,118350,1964-07-02,UNK,Cheung Tat-Ming,,UNK
183,118352,1963-02-23,UNK,刘以达,,"Hong Kong, China"
184,118355,1961-05-01,UNK,李力持,,"Hong Kong, China"
185,118726,1977-02-22,UNK,苗圃,,UNK
186,118745,UNK,UNK,Fung Hak-On,,UNK
187,119426,UNK,UNK,元秋,,UNK
188,119447,1955-02-01,2009-08-27,成奎安,,Hong Kong
189,119450,1918-10-07,2001-03-12,西瓜刨,,UNK
190,119454,UNK,UNK,Mars,,UNK
191,120419,1978-08-21,UNK,吴辰君,,UNK
192,120725,1958-08-10,UNK,于荣光,,"Beijing, China"
193,121394,1928-06-04,2015-10-22,田丰,,"Hunan Province, China"
194,121709,1963-08-31,UNK,李美凤,,UNK
195,122816,UNK,UNK,Lee Siu-Kei,,UNK
196,122818,UNK,UNK,吴启华,,UNK
197,122820,UNK,UNK,Kwong Leung Wong,,UNK
198,123202,UNK,UNK,刘天兰,,UNK
199,124002,1940-05-05,UNK,Wang Hsieh,,UNK
200,124777,UNK,UNK,Wong Chung,,UNK
201,126852,UNK,UNK,Maria Cordero,,UNK
202,127410,1959-10-22,UNK,Candice Yu On-On,,Hong Kong - China
203,127436,UNK,UNK,Felix Lok Ying-Kwan,,UNK
204,130561,UNK,UNK,Henry Fong Ping,,UNK
205,130644,1966-12-06,UNK,周海媚,,Hong Kong
206,130985,1967-01-15,UNK,徐帆,,"Wuhan, China"
207,131465,UNK,UNK,刘宝贤,,UNK
208,131728,UNK,UNK,Yuen Tak,,UNK
209,134686,UNK,UNK,Bradley James Allan,,UNK
210,134703,1945-01-15,2015-12-06,柯俊雄,,"Tainan, Taiwan"
211,134704,1942-08-18,2014-02-04,午马,,"Tianjin, China"
212,135836,UNK,UNK,叶进,,UNK
213,140481,UNK,UNK,Lau Kong,,UNK
214,143602,1978-02-21,UNK,龚蓓苾,,"Fujian, China"
215,144860,1971-08-27,UNK,张智霖,,"Guangdong, China"
216,146624,1967-11-10,UNK,周慧敏,,UNK
217,148752,UNK,UNK,梁曼仪,,UNK
218,148884,1965-08-06,UNK,钱嘉乐,,UNK
219,148886,1957-07-25,UNK,Alex Man Chi-Leung,,Hong Kong
220,148891,UNK,UNK,Lee Heung-Kam,,UNK
221,163441,UNK,UNK,Michael McFall,,UNK
222,213438,1953-02-23,UNK,锺镇涛,,UNK
223,213441,UNK,UNK,Leung Wing-Chung,,UNK
224,223917,UNK,UNK,Elaine Eca Da Silva,,UNK
225,224925,UNK,UNK,龙方,,UNK
226,224928,UNK,UNK,李蕙敏,,UNK
227,224929,UNK,UNK,陈法蓉,,UNK
228,226620,UNK,UNK,锺景辉,,UNK
229,227778,1957-09-09,UNK,郑裕玲,,"Hong Kong, China"
230,227782,1949-01-20,UNK,梁家仁,,"Hong Kong, China"
231,227792,1968-12-13,UNK,杨丽菁,,"Chiayi County, Taiwan"
232,227804,1966-03-11,UNK,Suki Kwan,,UNK
233,229302,1930-07-03,UNK,谷峰,,UNK
234,230776,1960-12-25,UNK,周文健,北京出生，4岁来到香港。9岁时随家人移居加拿大。1985年回港，因外型健硕，被赏识拍了一个啤酒电视广告，后经朋友王敏德介绍给陈欣健认识，被安排参与许冠文的《神探朱古力》。后来拍过不少电影，但都是配角。后加入无线负责三个节目，一年后再度踏入电影圈，接拍钱升玮的《七月十四》，首度担任主角。,中国北京
235,230777,UNK,UNK,Jessica Hsuan,,UNK
236,231909,UNK,UNK,Amy Yip,,UNK
237,231913,UNK,UNK,Ha Chi-Chun,,UNK
238,237235,UNK,UNK,Lee Kin-Yan,,UNK
239,238973,UNK,UNK,卢冠廷,,UNK
240,239010,1954-04-03,UNK,楼南光,,Hong Kong
241,239091,UNK,UNK,任世官,,UNK
242,239961,1958-08-24,UNK,Billy Chow,,Canada
243,240161,UNK,UNK,Meg Lam Kin-Ming,,UNK
244,240169,1950-07-28,UNK,李丽丽,,UNK
245,240171,1955-11-30,UNK,刘家辉,,UNK
246,240177,1948-01-28,UNK,黄百鸣,,UNK
247,270960,UNK,UNK,Aman Chang,,UNK
248,296066,UNK,UNK,Chun Wong,,UNK
249,327585,1954-11-15,UNK,赵雅芝,,UNK
250,543169,UNK,UNK,王伍福,,UNK
251,543178,UNK,UNK,张国立,,UNK
252,543848,1971-09-06,UNK,王学兵,王学兵，中国影视演员。1971年9月6日出生于新疆乌鲁木齐，1994年毕业于中央戏剧学院表演系。,乌鲁木齐，新疆，中国
253,544796,UNK,UNK,Patrick Tse Yin,,UNK
254,545277,1976-08-16,UNK,林子聪,,Hong Kong
255,548045,UNK,UNK,Wong Kam-Kong,,UNK
256,548371,UNK,UNK,Ga-Ling Gung,,UNK
257,548474,1955-05-03,UNK,鬼媾人,,Hong Kong
258,548610,1942-06-17,UNK,Chiang Tao,,Taiwan
259,548616,UNK,UNK,Wilson Lam,,UNK
260,551869,UNK,UNK,陈豪,,UNK
261,552084,1965-09-04,UNK,Bowie Lam,,UNK
262,553881,UNK,UNK,Parkman Wong,,UNK
263,553882,UNK,UNK,Fan Wei Yee,,UNK
264,554120,1973-01-13,UNK,叶蕴仪,,UNK
265,554183,UNK,UNK,Tam Sin-Hung,,UNK
266,556800,1967,UNK,陈加玲,,UNK
267,556938,UNK,UNK,James Ha,,UNK
268,560190,1952-05-04,UNK,唐国强,,UNK
269,565456,UNK,UNK,Sheila Chan,,UNK
270,567303,1930-01-18,UNK,胡枫,,"Guangzhou, Guangdong, China"
271,568979,UNK,UNK,何东,,UNK
272,571521,UNK,UNK,叶荣祖,,UNK
273,576408,UNK,UNK,Bruce Leung Siu-Lung,,UNK
274,576426,UNK,UNK,Nadia Chan,,UNK
275,579216,1969-09-15,UNK,袁洁莹,,UNK
276,583878,UNK,UNK,Lei Yu,,UNK
277,584527,1944-03-28,UNK,王羽,,"Wuxi, Jiangsu Province, China"
278,588138,1975-09-03,UNK,陈晓东,," Shanghai, China"
279,588144,UNK,UNK,Karel Wong Chi-Yeung,,UNK
280,589746,UNK,UNK,Joanna Chan,,UNK
281,589911,1963-12-07,UNK,刘劲,,UNK
282,592328,UNK,UNK,Wong Wan-Si,,UNK
283,592329,UNK,UNK,秦沛,,UNK
284,612216,UNK,UNK,高雄,,UNK
285,928166,UNK,UNK,Michelle Bestbier,,UNK
286,931172,1970-06-27,UNK,陈建斌,,UNK
287,931174,UNK,UNK,Emil Chow,,UNK
288,936009,UNK,UNK,Chi Fai Chan,,UNK
289,936010,UNK,UNK,Joe Cheng,,UNK
290,944021,1964-07-08,UNK,雷宇扬,,UNK
291,955784,UNK,UNK,Lung Tin-sang,,UNK
292,956575,UNK,UNK,黄一飞,,UNK
293,974461,UNK,UNK,陈松勇,,UNK
294,975322,1969-05-21,UNK,Wyman Wong Wai-Man,,UNK
295,987137,UNK,UNK,Nancy Sit Ka-Yin,,UNK
296,987139,UNK,UNK,童爱玲,,UNK
297,990443,1951-12-03,UNK,Natalis Chan,,Hong Kong - China
298,990778,UNK,UNK,Lam Kau,,UNK
299,994641,UNK,UNK,吴志雄,,UNK
300,998494,UNK,UNK,宁静,,UNK
301,998602,UNK,UNK,Catherine Lau,,UNK
302,999460,UNK,UNK,Chan Fai-Hung,,UNK
303,1000109,UNK,UNK,Wan Chi-Keung,,UNK
304,1002925,1944-07-24,UNK,张同祖,,"Guangxi, China"
305,1031246,UNK,UNK,佟大为,,UNK
306,1045536,UNK,UNK,Matthew Wong Hin-Mung,,UNK
307,1054920,UNK,UNK,Joe Cheng Cho,,UNK
308,1065282,UNK,UNK,Ho Pak-Kwong,,UNK
309,1069676,UNK,UNK,Josephine Koo,,UNK
310,1076049,1977-03-09,UNK,陈数,,UNK
311,1081493,UNK,UNK,Helen Ma Hoi-Lun,,UNK
312,1090949,UNK,UNK,Deric Wan Siu-Lun,,UNK
313,1092474,UNK,UNK,Pauline Kwan,,UNK
314,1094209,1958-12-09,UNK,吴刚,吴刚，国家一级演员，出生于北京市，中国内地男演员，毕业于北京人民艺术剧院。2000年，主演风格独特的都市情感剧《堆积情感》。2004年，出演的侦探悬疑《黑蚂蚁》。2007年，出演的古装剧《秋海棠》。2009年，出演电视剧《潜伏》 ；同年，在电影《铁人》中饰演铁人王进喜，获得 第27届中国电影金鸡奖 最佳男主角 。2011年，出演《汉阳造》。2013年，出演谍战情感大剧《我的绝密生涯》。2014年参演电视剧《十月围城》。2015年出演电影《三体》。2017年凭借反腐剧《人民的名义》荣获第23届上海电视节最佳男配角奖。同年主演动作片《战狼2》。,UNK
315,1109778,UNK,UNK,Lee Hoi-Sang,,UNK
316,1114832,UNK,UNK,Yao Wen-Xue,,UNK
317,1114833,UNK,UNK,Han Yong-Hua,,UNK
318,1119170,UNK,UNK,Hau Woon-Ling,,UNK
319,1123830,UNK,UNK,陈旭初,,UNK
320,1132614,UNK,UNK,Tam Bing-Man,,UNK
321,1134165,UNK,UNK,黄新,,UNK
322,1134504,1935-03-17,1993-06-02,田青,," Shanghai, China"
323,1134505,1919-09-23,UNK,Wong Ching-Ho,,UNK
324,1134729,UNK,UNK,何家驹,,UNK
325,1134731,UNK,UNK,John Ching Tung,,UNK
326,1134732,UNK,UNK,Jamie Luk Kim-Ming,,UNK
327,1134734,1973-03-23,2002-07-31,陈宝莲,,UNK
328,1134735,UNK,UNK,Stuart Ong,,UNK
329,1134736,UNK,UNK,程守一,,UNK
330,1134944,UNK,UNK,李家声,,UNK
331,1134946,UNK,UNK,Cheung Kwok-Leung,,UNK
332,1135177,UNK,UNK,Rachel Lee,,UNK
333,1135185,UNK,UNK,James Lai Wing-Keung,,UNK
334,1135238,1925-10-23,2006-09-11,关海山,,UNK
335,1135394,1952-06-27,UNK,黄光亮,,UNK
336,1135395,1964-03-31,UNK,黄贯中,,Hong Kong
337,1135396,1962-06-10,1993-06-30,黄家驹,,UNK
338,1135397,1964-11-13,UNK,黄家强,,UNK
339,1135398,1963-08-19,UNK,叶世荣,,Hong Kong
340,1135781,UNK,UNK,Mimi Chu Mai-Mai,,UNK
341,1135966,UNK,UNK,Cheng Man-Fai,,UNK
342,1136392,UNK,UNK,Steven Fung Min-Hang,,UNK
343,1136808,UNK,UNK,Tenky Tin Kai-Man,,UNK
344,1138763,UNK,UNK,Leung Ming,,UNK
345,1139041,UNK,UNK,Edmond So Chi-Wai,,UNK
346,1139220,UNK,UNK,Wong Hung,,UNK
347,1143686,UNK,UNK,Alex Lam Chi-Sin,,UNK
348,1145460,UNK,UNK,陈德容,,UNK
349,1147123,UNK,UNK,卢海鹏,,UNK
350,1148003,1909-02-22,2007-10-15,钱似莺,,"Shanghai, China"
351,1155276,UNK,UNK,Albert Lai,,UNK
352,1155647,UNK,UNK,梁本熙,,UNK
353,1160575,UNK,UNK,黄斌,,UNK
354,1160576,UNK,UNK,植敬雯,,UNK
355,1163362,UNK,UNK,Maggie Li Lin-Lin,,UNK
356,1164789,UNK,UNK,Tony Leung Siu-Hung,,UNK
357,1166375,UNK,UNK,Lee Ka-Ting,,UNK
358,1168410,UNK,UNK,Go Wang,,UNK
359,1172165,UNK,UNK,Tam Suk-Mooi,,UNK
360,1172981,UNK,UNK,Samuel Leung Cheuk-Moon,,UNK
361,1173200,UNK,UNK,Dung Chi-Wa,,UNK
362,1173203,UNK,UNK,惠天赐,,UNK
363,1173215,UNK,UNK,Lee Sheung-Ching,,UNK
364,1173216,1943-01-20,UNK,Chiu Chi-Ling,,UNK
365,1173223,UNK,UNK,陈国坤,,UNK
366,1173224,UNK,UNK,Jia Kang-Xi,,UNK
367,1173605,1967-07-06,UNK,江欣燕,,Hong Kong
368,1173757,UNK,UNK,陈龙,,UNK
369,1174754,UNK,UNK,Victor Chew,,UNK
370,1175533,UNK,UNK,林小楼,,UNK
371,1178932,UNK,UNK,Sunny Fang Kang,,UNK
372,1178934,UNK,UNK,Michael Dinga,,UNK
373,1178938,UNK,UNK,Paul Che Biu-Law,,UNK
374,1178940,1910,1995,许英秀,,UNK
375,1178945,UNK,UNK,Chan Ging-Cheung,,UNK
376,1178954,UNK,UNK,Lau Tin-Chi,,UNK
377,1183229,UNK,UNK,单立文,,UNK
378,1184600,1953-12-07,UNK,陶泽如,,UNK
379,1190198,UNK,UNK,Cho Ging-Man,,UNK
380,1190225,UNK,UNK,Leung Sap-Yat,,UNK
381,1191058,UNK,UNK,Peter Lai Bei-Dak,,UNK
382,1191929,1966-10-02,UNK,吴大维,吴大维，在台湾出生，个性随和亲切，活力充沛，酷爱打篮球，活脱脱是新一代阳光男孩，女孩子梦想中邻家的大哥哥。吴大维的生活方式，犹如他在银幕前的风格一样活跃，像是一个永远停不下来的好动宝宝，多才多艺的他一向都希望在娱乐圈，主持五个CHANNEL [V]的节目、令吴大维忙得不可开交，节目包括：《大潮流》、《NO SWEAT》、《GO WEST》及他周日晚上的清淡节目《吴满秀》及《百事可乐中文TOP20》，吴大维对工作非常认真，但却又是卫视CHANNEL [V]最爱开玩笑的主持人。,Massachusetts - USA
383,1192984,UNK,UNK,Ben Wong Chi-Yin,,UNK
384,1193722,UNK,UNK,Chan Chi-Fai,,UNK
385,1195450,UNK,UNK,Baat Leung-Gam,,UNK
386,1195555,UNK,UNK,Mak Hiu-Wai,,UNK
387,1195556,UNK,UNK,Cheng Ka-Sang,,UNK
388,1201400,UNK,UNK,Pomson Shi,,UNK
389,1201406,UNK,UNK,施介强,,UNK
390,1201408,UNK,UNK,Ha Chi-Jan,,UNK
391,1207686,UNK,UNK,Yvonne Yung Hung,,UNK
392,1211897,1956-03-09,UNK,Chen Baoguo,,Tianjin - China
393,1233619,UNK,UNK,Jimmy White,,UNK
394,1254216,1958-09-29,UNK,汤镇业,,Hong Kong - China
395,1265950,UNK,UNK,Law Ho-Kai,,UNK
396,1265959,UNK,UNK,Chan Ging,,UNK
397,1265974,UNK,UNK,Mok Mei-Lam,,UNK
398,1269703,UNK,UNK,Pak Man-Biu,,UNK
399,1275566,1935,UNK,杨群,,UNK
400,1275569,UNK,UNK,Alex Ng Hong-Ling,,UNK
401,1277921,UNK,UNK,Tse Wai-Kit,,UNK
402,1277930,UNK,UNK,Kam Hing-Yin,,UNK
403,1287732,1958-03-17,UNK,冯小刚,,UNK
404,1297514,UNK,UNK,Zhao Lei,,UNK
405,1298433,UNK,UNK,梁克逊,,UNK
406,1298434,UNK,UNK,Dai Lung,,UNK
407,1319279,UNK,UNK,冯元炽,,UNK
408,1319985,UNK,UNK,Kirk Wong Chi-Keung,,UNK
409,1329775,1964-07-08,UNK,黄一山,英国赫尔大学工商管理硕士出身的黄一山，曾担任过电视台编剧、演员和主持，但他最为人知的身份还是星爷昔日的“御用配角”，戏份不输吴孟达。黄一山的外号叫“细龟”。这是因为以前有一部卡通片说有四只龟一起住，每次干活总是大龟叫二龟，二龟叫三龟，三龟叫“细龟”。黄一山刚入行在电视台主持儿童节目时，就有点像片中的细龟一样任劳任怨，所以大家都叫他“细龟”。后来，他在《逃学威龙》里出演的角色便取名叫“黄小龟”，之后“小龟”这个雅号便被影迷们亲切地叫到现在。除了“黄小龟”一角，黄一山广为人知的角色还包括《唐伯虎点秋香》里的华武、《九品芝麻官》里的傻子以及《破坏之王》里的电视台主持人等角色。,Hong Kong
410,1334856,1947-06-21,UNK,May Law Koon-Lan,,Hong Kong - China
411,1335021,UNK,UNK,You Liping,,UNK
412,1338533,UNK,UNK,Radium Cheung,,UNK
413,1338555,UNK,UNK,梁锦燊,,UNK
414,1345124,1952-02-07,UNK,刘永,母亲为粤语片甘草演员黎雯。香港圣保罗英文书院毕业后到香港英国皇家音乐学院学习钢琴，又学习武术，获空手道二段、柔道一段，曾任国术教师。1970年加入嘉禾担任演员及场记，在《唐山大兄》（1971）、《精武门》（1972）等电影中担任配角。1973年离开嘉禾。1975年加入邵氏，翌年在《乾隆皇帝奇遇记》中扮演乾隆而大受欢迎，随即主演多部乾隆皇帝系列电影。1984年加入亚洲电视台，主演多部剧集。1984年以后出演电视剧为主。踏入2000年，执导了《女男爵》。,Hong Kong
415,1345125,UNK,UNK,Sarah Lee Lai-Yui,,UNK
416,1345126,UNK,UNK,Andrew Wu Ying-Kin,,UNK
417,1346911,UNK,UNK,So Hon-Sang,,UNK
418,1346930,UNK,UNK,段伟伦,,UNK
419,1346994,UNK,UNK,Yip San,,UNK
420,1356792,UNK,UNK,Ricky Yi Fan-Wai,,UNK
421,1357048,UNK,UNK,石燕子,,UNK
422,1357077,UNK,UNK,Lung Ming-Yan,,UNK
423,1357125,UNK,UNK,陈国邦,,UNK
424,1364713,UNK,UNK,黄杏秀,,UNK
425,1365929,UNK,UNK,Maggie Chan Mei-Kei,,UNK
426,1371594,UNK,UNK,Pang Chi-Ching,,UNK
427,1395247,UNK,UNK,卢宛茵,,UNK
428,1398251,UNK,UNK,Jackson Ng Yuk-Sue,,UNK
429,1402393,UNK,UNK,邓浩光,,UNK
430,1402734,UNK,UNK,Yiu Wai,,UNK
431,1404511,UNK,UNK,Nancy Lan Sai,,UNK
432,1405054,UNK,UNK,Gilbert Lam Wai-San,,UNK
433,1407172,UNK,UNK,古巨基,,UNK
434,1407468,UNK,UNK,Cutie Mui Siu-Wai,,UNK
435,1407526,UNK,UNK,Vivian Lai Shui-Yan,,UNK
436,1407528,UNK,UNK,Joey Leung Wing-Chung,,UNK
437,1408318,UNK,UNK,Garry Chan Chi-Shing,,UNK
438,1413335,UNK,UNK,Chang Gan-Wing,,UNK
439,1414033,UNK,UNK,Celia Sze Lim-Tse,,UNK
440,1414273,UNK,UNK,Chow Chi-Fai,,UNK
441,1415225,UNK,UNK,Wong Chi-Keung,,UNK
442,1415252,UNK,UNK,Ben Wong Tin-Dok,,UNK
443,1415347,UNK,UNK,简达华,,UNK
444,1415348,UNK,UNK,雷达,,UNK
445,1415799,UNK,UNK,Chang Kin-Ming,,UNK
446,1416929,UNK,UNK,Vindy Chan,,UNK
447,1416970,UNK,UNK,Lo Hung,,UNK
448,1417207,UNK,UNK,Chow Yee-Fan,,UNK
449,1417211,UNK,UNK,Jacky Cheung Chun-Hung,,UNK
450,1417223,UNK,UNK,Bruce Law Lai-Yin,,UNK
451,1418476,1960-06-21,UNK,李强,,UNK
452,1427509,UNK,UNK,Chan San-Hiu,,UNK
453,1427514,UNK,UNK,Saul Bamberger,,UNK
454,1427517,UNK,UNK,Peter Mahlangu,,UNK
455,1427518,UNK,UNK,Bo Kaesje,,UNK
456,1427519,UNK,UNK,Elias Meintjies,,UNK
457,1427521,UNK,UNK,Chow Mei-Yan,,UNK
458,1427539,UNK,UNK,Heung Dip,,UNK
459,1427540,UNK,UNK,谭淑梅,,UNK
460,1427638,UNK,UNK,Jonathan Chik Gei-Yee,,UNK
461,1427641,UNK,UNK,Cheng Kwun-Min,,UNK
462,1428283,UNK,UNK,Elaine Law Suet-Ling,,UNK
463,1513147,UNK,UNK,Chan Tung,,UNK
464,1555354,UNK,UNK,王书麒,,UNK
465,1562576,UNK,UNK,刘仪伟,,UNK
466,1574333,UNK,UNK,梁韵蕊,,UNK
467,1575541,UNK,UNK,朱铁和,,UNK
468,1577825,UNK,UNK,Leung Yuen-Jing,,UNK
469,1580525,UNK,UNK,颜丽如,,UNK
470,1588386,UNK,UNK,Lau Cheun,,UNK
471,1591060,UNK,UNK,左颂昇,,UNK
472,1595682,UNK,UNK,陈明君,,UNK
473,1596465,UNK,UNK,Tung Chi,,UNK
474,1596646,UNK,UNK,古明华,,UNK
475,1606748,UNK,UNK,黄贻青,,UNK
476,1614091,UNK,UNK,林琪欣,,UNK
477,1616889,UNK,UNK,Wong Kwan-Hong,,UNK
478,1617133,UNK,UNK,陆树铭,,UNK
479,1619790,UNK,UNK,张武孝,,UNK
480,1619870,UNK,UNK,Tse Ning,,UNK
481,1619922,UNK,UNK,Chan Kim-Wan,,UNK
482,1619923,UNK,UNK,Charles Shen,,UNK
483,1623210,UNK,UNK,Sing Yan,,UNK
484,1624092,UNK,UNK,刘沙,,UNK
485,1624093,UNK,UNK,Wang Jian,,UNK
486,1624094,UNK,UNK,Jin Xin,,UNK
487,1624095,UNK,UNK,Wong Bing,,UNK
488,1624096,UNK,UNK,修宗迪,,UNK
489,1624097,UNK,UNK,杨晓丹,,UNK
490,1624098,UNK,UNK,Donald Freeman,,UNK
491,1624693,1963-03-15,2015-01-10,司马燕,,UNK
492,1624721,UNK,UNK,Joyce Chan Yin-Hang,,UNK
493,1624722,UNK,UNK,Mei Yee,,UNK
494,1624725,UNK,UNK,黄美琪,,UNK
495,1625569,UNK,UNK,Kwok Kwan-Shing,,UNK
496,1625570,UNK,UNK,Leung Shiu-Choi,,UNK
497,1625571,UNK,UNK,Kwok Chi-Ho,,UNK
498,1626384,UNK,UNK,Wong Chak-Man,,UNK
499,1632540,UNK,UNK,Dave Lam Ching,,UNK
500,1639507,UNK,UNK,Jacqueline Li,,UNK
501,1676386,UNK,UNK,Kai Shi Chen,,UNK
502,1749439,1949-06-18,2017-03-30,Phillip Ko,,"Hong Kong, China"
503,1910037,UNK,UNK,Cally Kwong,,UNK
504,1910038,UNK,UNK,Chia Yung Liu,,UNK
